player_id,season,pos,games,fantasy_points_ppr,fantasy_points_hppr,fantasy_points_std
marvin-harrison-jr-2024,2024,WR,17,165,146,128
malik-nabers-2024,2024,WR,14,235,207,182
rome-odunze-2024,2024,WR,16,140,124,108
brock-bowers-2024,2024,TE,17,275,243,213
jonathon-brooks-2024,2024,RB,15,65,43,46
xavier-worthy-2024,2024,WR,17,155,137,120
brian-thomas-2024,2024,WR,17,225,198,174
keon-coleman-2024,2024,WR,17,155,137,120
caleb-williams-2024,2024,QB,17,235,235,235
ladd-mcconkey-2024,2024,WR,15,225,198,174
trey-benson-2024,2024,RB,14,71,67,34
jayden-daniels-2024,2024,QB,17,370,370,370
blake-corum-2024,2024,RB,13,58,70,21
ricky-pearsall-2024,2024,WR,12,74,32,21
xavier-legette-2024,2024,WR,3,18,10,16
marshawn-lloyd-2024,2024,RB,14,73,91,44
jaylen-wright-2024,2024,RB,8,105,102,91
adonai-mitchell-2024,2024,WR,13,164,161,148
ja-lynn-polk-2024,2024,WR,15,103,62,19
miyan-williams-2024,2024,RB,17,356,275,270
ben-sinnott-2024,2024,TE,12,36,32,16
jermaine-burton-2024,2024,WR,17,96,53,39
roman-wilson-2024,2024,WR,12,61,22,65
jack-westover-2024,2024,TE,13,89,80,59
drake-maye-2024,2024,QB,12,175,175,175
troy-franklin-2024,2024,WR,15,35,52,58
ray-davis-2024,2024,RB,17,135,122,111
audric-estime-2024,2024,RB,12,83,47,42
malachi-corley-2024,2024,WR,9,76,78,54
kimani-vidal-2024,2024,RB,12,71,44,57
bo-nix-2024,2024,QB,16,245,245,245
bucky-irving-2024,2024,RB,16,245,222,201
luke-mccaffrey-2024,2024,WR,13,70,47,60
javon-baker-2024,2024,WR,12,73,64,47
jalen-mcmillan-2024,2024,WR,17,54,37,68
ja-tavion-sanders-2024,2024,TE,17,71,37,41
tyrone-tracy-jr-2024,2024,RB,15,175,159,144
tanner-mordecai-2024,2024,QB,13,64,51,131
joe-milton-2024,2024,QB,13,118,87,88
michael-penix-2024,2024,QB,15,194,193,215
kedon-slovis-2024,2024,QB,16,88,149,142
brenden-rice-2024,2024,WR,17,83,19,51
braelon-allen-2024,2024,RB,17,160,145,132
will-shipley-2024,2024,RB,16,23,96,66
devontez-walker-2024,2024,WR,14,49,58,21
carson-steele-2024,2024,RB,17,113,104,30
theo-johnson-2024,2024,TE,12,18,28,29
isaac-guerendo-2024,2024,RB,8,100,91,82
cade-stover-2024,2024,TE,12,15,50,8
dylan-laube-2024,2024,RB,14,20,23,35
erick-all-2024,2024,TE,14,63,30,25
jared-wiley-2024,2024,TE,12,56,26,7
rasheen-ali-2024,2024,RB,13,70,75,75
malik-washington-2024,2024,WR,15,79,66,41
aj-barner-2024,2024,TE,16,84,32,17
brevyn-spann-ford-2024,2024,TE,13,34,56,13
frank-gore-jr-2024,2024,RB,3,5,15,7
marcus-rosemy-jacksaint-2024,2024,WR,12,76,40,11
dallin-holker-2024,2024,TE,16,40,24,25
spencer-rattler-2024,2024,QB,15,169,218,216
tip-reiman-2024,2024,TE,16,23,38,38
jacob-cowing-2024,2024,WR,12,51,67,40
ryan-flournoy-2024,2024,WR,5,28,8,12
ainias-smith-2024,2024,WR,15,18,75,34
sione-vaki-2024,2024,RB,5,31,7,13
jamari-thrash-2024,2024,WR,17,118,43,50
blake-watson-2024,2024,RB,15,86,56,19
dillon-johnson-2024,2024,RB,6,31,11,24
george-holani-2024,2024,RB,15,39,56,73
jordan-travis-2024,2024,QB,15,110,124,68
devin-leary-2024,2024,QB,17,237,234,213
tanner-mclachlan-2024,2024,TE,12,11,13,28
jaden-shirden-2024,2024,RB,17,111,66,69
taulia-tagovailoa-2024,2024,QB,12,107,98,121
jaheim-bell-2024,2024,TE,13,62,49,40
anthony-gould-2024,2024,WR,15,104,71,74
isaiah-davis-2024,2024,RB,15,78,80,74
johnny-wilson-2024,2024,WR,16,84,47,24
bijan-robinson-2023,2023,RB,17,340,308,280
bijan-robinson-2023,2024,RB,17,355,322,292
jahmyr-gibbs-2023,2023,RB,17,285,259,235
jahmyr-gibbs-2023,2024,RB,17,310,281,255
jaxon-smith-njigba-2023,2023,WR,15,115,101,89
jaxon-smith-njigba-2023,2024,WR,17,235,207,182
jordan-addison-2023,2023,WR,16,185,163,143
jordan-addison-2023,2024,WR,12,120,106,93
quentin-johnston-2023,2023,WR,17,80,71,62
quentin-johnston-2023,2024,WR,17,115,101,89
zach-charbonnet-2023,2023,RB,12,116,83,75
zach-charbonnet-2023,2024,RB,13,130,95,99
anthony-richardson-2023,2023,QB,4,80,80,80
anthony-richardson-2023,2024,QB,9,135,135,135
zay-flowers-2023,2023,WR,17,220,194,170
zay-flowers-2023,2024,WR,15,175,154,136
dalton-kincaid-2023,2023,TE,17,195,172,152
dalton-kincaid-2023,2024,TE,16,125,110,97
de-von-achane-2023,2023,RB,13,154,167,117
de-von-achane-2023,2024,RB,6,44,54,51
hunter-leupke-2023,2023,RB,16,76,74,92
hunter-leupke-2023,2024,RB,15,119,109,101
kendre-miller-2023,2023,RB,16,56,76,59
dontay-demus-2023,2023,WR,14,111,110,103
dontay-demus-2023,2024,WR,14,154,156,161
sam-laporta-2023,2023,TE,17,255,225,198
sam-laporta-2023,2024,TE,14,140,124,108
bryce-young-2023,2023,QB,16,140,140,140
bryce-young-2023,2024,QB,13,155,155,155
roschon-johnson-2023,2023,RB,12,16,23,66
jonathan-mingo-2023,2023,WR,15,151,139,86
jonathan-mingo-2023,2024,WR,16,237,159,179
tyjae-spears-2023,2023,RB,15,56,62,49
tyjae-spears-2023,2024,RB,15,80,90,88
michael-mayer-2023,2023,TE,12,13,32,13
rashee-rice-2023,2023,WR,12,81,37,16
rashee-rice-2023,2024,WR,12,126,103,74
cj-stroud-2023,2023,QB,15,340,340,340
cj-stroud-2023,2024,QB,14,240,240,240
tank-bigsby-2023,2023,RB,12,49,35,12
tank-bigsby-2023,2024,RB,4,34,37,24
marvin-mims-2023,2023,WR,15,320,279,245
marvin-mims-2023,2024,WR,12,232,206,174
jayden-reed-2023,2023,WR,16,175,154,136
jayden-reed-2023,2024,WR,17,195,172,152
josh-downs-2023,2023,WR,17,127,144,114
josh-downs-2023,2024,WR,14,130,89,106
chase-brown-2023,2023,RB,15,53,34,62
chase-brown-2023,2024,RB,14,85,39,75
jalin-hyatt-2023,2023,WR,16,34,19,47
luke-musgrave-2023,2023,TE,5,13,14,12
luke-musgrave-2023,2024,TE,15,36,43,39
cedric-tillman-2023,2023,WR,7,34,36,32
cedric-tillman-2023,2024,WR,15,135,110,113
israel-abanikanda-2023,2023,RB,17,155,140,114
israel-abanikanda-2023,2024,RB,17,219,209,198
rakim-jarrett-2023,2023,WR,17,69,55,81
rakim-jarrett-2023,2024,WR,15,56,57,60
tank-dell-2023,2023,WR,11,175,154,136
tank-dell-2023,2024,WR,7,110,97,85
zach-evans-2023,2023,RB,14,53,66,63
zach-evans-2023,2024,RB,8,30,50,45
luke-schoonmaker-2023,2023,TE,13,194,189,132
luke-schoonmaker-2023,2024,TE,13,129,96,106
will-levis-2023,2023,QB,17,271,285,256
will-levis-2023,2024,QB,16,302,363,301
hendon-hooker-2023,2023,QB,14,91,86,96
dewayne-mcbride-2023,2023,RB,14,95,21,22
dewayne-mcbride-2023,2024,RB,16,67,94,16
michael-wilson-2023,2023,WR,12,64,66,65
michael-wilson-2023,2024,WR,17,99,63,31
deuce-vaughn-2023,2023,RB,12,49,71,28
max-duggan-2023,2023,QB,13,146,162,161
max-duggan-2023,2024,QB,16,296,294,298
kayshon-boutte-2023,2023,WR,14,110,89,91
kayshon-boutte-2023,2024,WR,15,116,111,104
puka-nacua-2023,2023,WR,17,350,309,270
puka-nacua-2023,2024,WR,10,150,132,116
darnell-washington-2023,2023,TE,16,80,66,44
darnell-washington-2023,2024,TE,5,8,23,20
deneric-prince-2023,2023,RB,16,81,19,61
deneric-prince-2023,2024,RB,7,33,20,27
sean-tucker-2023,2023,RB,9,57,22,34
sean-tucker-2023,2024,RB,9,59,19,51
eric-gray-2023,2023,RB,15,63,61,51
evan-hull-2023,2023,RB,14,54,71,50
evan-hull-2023,2024,RB,17,92,29,44
tucker-kraft-2023,2023,TE,8,40,14,13
tyler-scott-2023,2023,WR,16,92,57,68
tyler-scott-2023,2024,WR,12,37,56,19
charlie-jones-2023,2023,WR,13,51,59,61
charlie-jones-2023,2024,WR,17,90,40,82
justyn-ross-2023,2023,WR,4,20,18,15
justyn-ross-2023,2024,WR,17,75,50,16
chris-rodriguez-2023,2023,RB,12,59,32,48
malik-cunningham-2023,2023,QB,12,104,61,61
malik-cunningham-2023,2024,QB,14,79,145,63
at-perry-2023,2023,WR,4,53,46,36
at-perry-2023,2024,WR,13,187,130,117
brenton-strange-2023,2023,TE,5,18,22,19
brenton-strange-2023,2024,TE,16,60,72,53
trey-palmer-2023,2023,WR,17,78,60,65
trey-palmer-2023,2024,WR,13,119,101,72
xavier-hutchinson-2023,2023,WR,15,96,83,61
xavier-hutchinson-2023,2024,WR,3,14,14,15
derius-davis-2023,2023,WR,12,61,60,38
derius-davis-2023,2024,WR,13,72,62,70
josh-whyle-2023,2023,TE,17,20,76,53
josh-whyle-2023,2024,TE,13,52,26,47
ronnie-bell-2023,2023,WR,17,72,23,52
justin-shorter-2023,2023,TE,12,33,10,7
justin-shorter-2023,2024,TE,12,16,8,45
kenny-mcintosh-2023,2023,RB,17,111,25,50
tre-tucker-2023,2023,WR,9,36,44,24
tre-tucker-2023,2024,WR,16,84,60,32
stetson-bennett-2023,2023,QB,14,106,116,124
stetson-bennett-2023,2024,QB,17,77,131,117
clayton-tune-2023,2023,QB,12,272,256,236
clayton-tune-2023,2024,QB,12,188,192,210
dontayvion-wicks-2023,2023,WR,13,17,54,56
dontayvion-wicks-2023,2024,WR,15,102,37,49
tiyon-evans-2023,2023,RB,17,100,95,34
tiyon-evans-2023,2024,RB,17,79,104,48
jaleel-mclaughlin-2023,2023,RB,12,77,67,55
jaleel-mclaughlin-2023,2024,RB,12,121,104,102
parker-washington-2023,2023,WR,5,11,24,16
parker-washington-2023,2024,WR,14,50,61,57
keaton-mitchell-2023,2023,RB,14,70,41,34
keaton-mitchell-2023,2024,RB,15,49,69,86
demario-douglas-2023,2023,WR,15,66,63,56
demario-douglas-2023,2024,WR,14,50,75,30
jake-haener-2023,2023,QB,12,116,45,50
jake-haener-2023,2024,QB,14,130,95,99
aidan-o-connell-2023,2023,QB,16,193,228,233
aidan-o-connell-2023,2024,QB,14,222,243,247
andrei-iosivas-2023,2023,WR,14,78,68,40
chris-brooks-2023,2023,RB,13,84,73,47
chris-brooks-2023,2024,RB,15,56,97,60
elijah-higgins-2023,2023,TE,15,63,69,24
zack-kuntz-2023,2023,TE,17,69,10,32
zack-kuntz-2023,2024,TE,16,10,70,53
sean-clifford-2023,2023,QB,13,291,281,268
sean-clifford-2023,2024,QB,8,144,120,125
mohamed-ibrahim-2023,2023,RB,16,81,23,44
breece-hall-2022,2022,RB,7,100,91,82
breece-hall-2022,2023,RB,17,325,295,268
breece-hall-2022,2024,RB,17,310,281,255
drake-london-2022,2022,WR,17,230,203,178
drake-london-2022,2023,WR,17,225,198,174
drake-london-2022,2024,WR,17,255,225,198
kenneth-walker-2022,2022,RB,13,57,79,31
kenneth-walker-2022,2023,RB,13,118,119,98
kenneth-walker-2022,2024,RB,15,155,118,124
treylon-burks-2022,2022,WR,14,80,71,62
treylon-burks-2022,2023,WR,12,45,40,35
treylon-burks-2022,2024,WR,7,30,26,23
garrett-wilson-2022,2022,WR,17,260,229,201
garrett-wilson-2022,2023,WR,17,235,207,182
garrett-wilson-2022,2024,WR,17,195,172,152
chris-olave-2022,2022,WR,17,240,212,186
chris-olave-2022,2023,WR,17,230,203,178
chris-olave-2022,2024,WR,8,95,84,74
jameson-williams-2022,2022,WR,17,154,107,105
jameson-williams-2022,2023,WR,17,138,116,128
jameson-williams-2022,2024,WR,12,104,106,78
james-cook-2022,2022,RB,17,155,140,128
james-cook-2022,2023,RB,17,240,218,198
james-cook-2022,2024,RB,16,245,222,201
skyy-moore-2022,2022,WR,17,55,48,43
skyy-moore-2022,2023,WR,15,35,31,27
skyy-moore-2022,2024,WR,6,15,13,12
christian-watson-2022,2022,WR,14,155,137,120
christian-watson-2022,2023,WR,10,100,88,78
christian-watson-2022,2024,WR,14,140,124,108
jahan-dotson-2022,2022,WR,12,80,71,62
jahan-dotson-2022,2023,WR,17,90,79,70
jahan-dotson-2022,2024,WR,16,70,62,55
george-pickens-2022,2022,WR,17,185,163,143
george-pickens-2022,2023,WR,16,205,181,159
george-pickens-2022,2024,WR,14,185,163,143
rachaad-white-2022,2022,RB,12,125,113,103
rachaad-white-2022,2023,RB,16,200,181,165
rachaad-white-2022,2024,RB,16,130,118,107
dameon-pierce-2022,2022,RB,13,195,177,161
dameon-pierce-2022,2023,RB,16,85,77,70
dameon-pierce-2022,2024,RB,10,50,45,41
isaiah-spiller-2022,2022,RB,14,60,26,12
isaiah-spiller-2022,2023,RB,14,54,87,81
tyler-allgeier-2022,2022,RB,13,33,32,12
tyler-allgeier-2022,2023,RB,12,78,50,34
tyler-allgeier-2022,2024,RB,5,28,23,14
alec-pierce-2022,2022,WR,17,45,23,89
alec-pierce-2022,2023,WR,16,29,30,24
brian-robinson-2022,2022,RB,12,40,74,34
david-bell-2022,2022,WR,14,133,98,107
david-bell-2022,2023,WR,13,125,120,99
david-bell-2022,2024,WR,15,145,129,115
jalen-tolbert-2022,2022,WR,14,22,22,35
jalen-tolbert-2022,2023,WR,16,48,81,76
john-metchie-2022,2022,WR,15,121,109,94
john-metchie-2022,2023,WR,17,150,113,109
zamir-white-2022,2022,RB,15,118,125,107
zamir-white-2022,2023,RB,14,117,110,120
zamir-white-2022,2024,RB,14,145,104,83
trey-mcbride-2022,2022,TE,14,53,27,21
trey-mcbride-2022,2023,TE,15,31,26,27
wan-dale-robinson-2022,2022,WR,16,66,32,22
wan-dale-robinson-2022,2023,WR,5,19,12,23
ty-davis-price-2022,2022,RB,13,33,68,16
kenny-pickett-2022,2022,QB,5,90,74,77
kenny-pickett-2022,2023,QB,12,211,214,203
kenny-pickett-2022,2024,QB,17,295,271,320
hassan-haskins-2022,2022,RB,17,119,85,22
jelani-woods-2022,2022,TE,17,54,14,46
jelani-woods-2022,2023,TE,14,38,30,29
jelani-woods-2022,2024,TE,13,17,38,40
khalil-shakir-2022,2022,WR,12,103,76,79
khalil-shakir-2022,2023,WR,17,120,129,110
keaontay-ingram-2022,2022,RB,14,56,21,30
keaontay-ingram-2022,2023,RB,12,56,59,16
malik-willis-2022,2022,QB,13,76,59,89
malik-willis-2022,2023,QB,6,37,40,30
malik-willis-2022,2024,QB,14,127,83,124
romeo-doubs-2022,2022,WR,16,29,17,67
romeo-doubs-2022,2023,WR,13,60,48,26
tyquan-thornton-2022,2022,WR,13,39,18,34
tyquan-thornton-2022,2023,WR,13,15,50,21
pierre-strong-2022,2022,RB,14,116,116,86
pierre-strong-2022,2023,RB,14,134,93,87
greg-dulcich-2022,2022,TE,13,44,14,50
desmond-ridder-2022,2022,QB,17,107,95,57
desmond-ridder-2022,2023,QB,14,173,156,200
velus-jones-2022,2022,WR,13,83,25,34
velus-jones-2022,2023,WR,13,24,55,49
velus-jones-2022,2024,WR,16,68,48,77
kyren-williams-2022,2022,RB,4,16,23,5
kyren-williams-2022,2023,RB,12,18,19,63
kyren-williams-2022,2024,RB,13,34,56,36
calvin-austin-2022,2022,WR,5,27,6,16
charleston-rambo-2022,2022,WR,12,29,13,11
charleston-rambo-2022,2023,WR,13,15,37,33
isiah-pacheco-2022,2022,RB,13,57,54,57
isiah-pacheco-2022,2023,RB,16,89,28,27
isiah-pacheco-2022,2024,RB,17,53,49,87
matt-corral-2022,2022,QB,17,68,76,135
jerome-ford-2022,2022,RB,12,30,68,52
jerome-ford-2022,2023,RB,5,31,11,21
jerome-ford-2022,2024,RB,3,12,8,10
danny-gray-2022,2022,WR,6,19,10,24
danny-gray-2022,2023,WR,14,89,46,73
tyler-badie-2022,2022,RB,16,40,83,24
tyler-badie-2022,2023,RB,17,109,59,98
tyler-badie-2022,2024,RB,16,83,77,16
jalen-wydermyer-2022,2022,TE,15,50,27,33
kevin-harris-2022,2022,RB,15,98,87,34
kevin-harris-2022,2023,RB,17,84,91,39
kevin-harris-2022,2024,RB,17,58,59,16
daniel-bellinger-2022,2022,TE,16,33,33,17
daniel-bellinger-2022,2023,TE,15,54,15,33
daniel-bellinger-2022,2024,TE,5,7,10,4
snoop-conner-2022,2022,RB,14,19,47,38
snoop-conner-2022,2023,RB,14,27,86,73
chig-okonkwo-2022,2022,TE,13,18,45,47
jeremy-ruckert-2022,2022,TE,15,49,23,23
jeremy-ruckert-2022,2023,TE,16,68,72,27
jeremy-ruckert-2022,2024,TE,16,28,20,64
cade-otton-2022,2022,TE,15,78,25,28
kyle-philips-2022,2022,WR,14,74,76,54
kyle-philips-2022,2023,WR,12,29,56,18
kyle-philips-2022,2024,WR,16,40,94,65
mataeo-durant-2022,2022,RB,13,82,49,32
mataeo-durant-2022,2023,RB,4,16,8,22
jake-ferguson-2022,2022,TE,16,29,61,15
ty-chandler-2022,2022,RB,3,27,25,20
ty-chandler-2022,2023,RB,17,131,130,145
ty-chandler-2022,2024,RB,14,99,96,113
isaiah-likely-2022,2022,TE,11,60,53,46
isaiah-likely-2022,2023,TE,17,130,115,101
isaiah-likely-2022,2024,TE,17,165,146,128
jalen-nailor-2022,2022,WR,12,53,16,66
jalen-nailor-2022,2023,WR,13,36,34,70
sincere-mccormick-2022,2022,RB,17,40,36,36
sam-howell-2022,2022,QB,14,124,127,67
sam-howell-2022,2023,QB,17,103,61,98
sam-howell-2022,2024,QB,14,125,110,86
bo-melton-2022,2022,WR,12,40,40,42
jerrion-ealy-2022,2022,RB,12,52,57,31
jerrion-ealy-2022,2023,RB,7,24,19,20
jerrion-ealy-2022,2024,RB,17,56,89,26
kennedy-brooks-2022,2022,RB,14,63,44,19
kennedy-brooks-2022,2023,RB,14,90,30,63
abram-smith-2022,2022,RB,13,41,67,16
abram-smith-2022,2023,RB,13,78,65,40
abram-smith-2022,2024,RB,17,99,62,48
d-vonte-price-2022,2022,RB,17,98,104,89
d-vonte-price-2022,2023,RB,15,75,80,39
d-vonte-price-2022,2024,RB,17,70,22,32
charlie-kolar-2022,2022,TE,14,51,54,26
charlie-kolar-2022,2023,TE,13,29,60,21
charlie-kolar-2022,2024,TE,17,13,68,44
carson-strong-2022,2022,QB,17,224,243,180
carson-strong-2022,2023,QB,12,170,133,165
carson-strong-2022,2024,QB,14,200,184,201
isaiah-weston-2022,2022,WR,15,90,35,70
isaiah-weston-2022,2023,WR,14,59,25,76
dustin-crum-2022,2022,QB,8,81,33,46
jaylen-warren-2022,2022,RB,15,38,55,37
cole-turner-2022,2022,TE,12,64,84,59
cole-turner-2022,2023,TE,15,139,118,119
skylar-thompson-2022,2022,QB,17,132,62,104
bailey-zappe-2022,2022,QB,14,63,59,59
erik-ezukanma-2022,2022,WR,14,69,60,68
erik-ezukanma-2022,2023,WR,14,83,70,70
najee-harris-2021,2021,RB,17,310,281,255
najee-harris-2021,2022,RB,17,240,218,198
najee-harris-2021,2023,RB,17,225,204,186
najee-harris-2021,2024,RB,14,170,154,140
ja-marr-chase-2021,2021,WR,16,181,215,150
ja-marr-chase-2021,2022,WR,15,227,164,176
ja-marr-chase-2021,2023,WR,17,323,283,294
ja-marr-chase-2021,2024,WR,7,127,98,110
kyle-pitts-2021,2021,TE,14,200,176,155
kyle-pitts-2021,2022,TE,16,115,101,89
kyle-pitts-2021,2023,TE,17,125,110,97
kyle-pitts-2021,2024,TE,17,145,128,112
travis-etienne-2021,2022,RB,17,280,254,231
travis-etienne-2021,2023,RB,16,255,231,210
travis-etienne-2021,2024,RB,8,90,82,74
javonte-williams-2021,2021,RB,17,220,199,181
javonte-williams-2021,2022,RB,4,45,41,37
javonte-williams-2021,2023,RB,16,130,118,107
javonte-williams-2021,2024,RB,16,105,95,87
devonta-smith-2021,2021,WR,17,215,190,166
devonta-smith-2021,2022,WR,17,265,234,205
devonta-smith-2021,2023,WR,16,235,207,182
devonta-smith-2021,2024,WR,16,225,198,174
trey-sermon-2021,2021,RB,17,76,70,54
jaylen-waddle-2021,2021,WR,16,245,216,190
jaylen-waddle-2021,2022,WR,17,245,216,190
jaylen-waddle-2021,2023,WR,16,200,176,155
jaylen-waddle-2021,2024,WR,17,220,194,170
trevor-lawrence-2021,2021,QB,17,240,240,240
trevor-lawrence-2021,2022,QB,17,290,290,290
trevor-lawrence-2021,2023,QB,9,145,145,145
trevor-lawrence-2021,2024,QB,9,140,140,140
michael-carter-2021,2021,RB,12,226,195,214
michael-carter-2021,2022,RB,15,216,188,155
michael-carter-2021,2023,RB,12,236,227,174
michael-carter-2021,2024,RB,16,333,270,271
rashod-bateman-2021,2021,WR,12,75,66,58
rashod-bateman-2021,2022,WR,6,45,40,35
rashod-bateman-2021,2023,WR,14,85,75,66
rashod-bateman-2021,2024,WR,14,70,62,55
elijah-moore-2021,2021,WR,11,130,115,101
elijah-moore-2021,2022,WR,17,95,84,74
elijah-moore-2021,2023,WR,14,55,48,43
elijah-moore-2021,2024,WR,14,65,57,50
terrace-marshall-2021,2021,WR,17,74,27,66
terrace-marshall-2021,2022,WR,13,68,28,51
terrace-marshall-2021,2023,WR,17,118,60,73
trey-lance-2021,2021,QB,6,80,80,80
trey-lance-2021,2022,QB,2,25,25,25
trey-lance-2021,2023,QB,1,10,10,10
trey-lance-2021,2024,QB,2,15,15,15
rondale-moore-2021,2021,WR,17,298,273,248
rondale-moore-2021,2022,WR,12,229,184,168
justin-fields-2021,2021,QB,12,195,195,195
justin-fields-2021,2022,QB,15,280,280,280
justin-fields-2021,2023,QB,13,205,205,205
justin-fields-2021,2024,QB,8,95,95,95
kadarius-toney-2021,2021,WR,3,14,15,16
kadarius-toney-2021,2022,WR,12,27,23,27
kadarius-toney-2021,2023,WR,14,53,47,21
zach-wilson-2021,2021,QB,13,150,150,150
zach-wilson-2021,2022,QB,9,100,100,100
zach-wilson-2021,2023,QB,7,65,65,65
amon-ra-st-brown-2021,2021,WR,17,195,172,152
amon-ra-st-brown-2021,2022,WR,16,300,265,232
amon-ra-st-brown-2021,2023,WR,17,335,296,259
amon-ra-st-brown-2021,2024,WR,16,310,274,240
pat-freiermuth-2021,2021,TE,16,145,128,112
pat-freiermuth-2021,2022,TE,13,105,93,82
pat-freiermuth-2021,2023,TE,17,130,115,101
pat-freiermuth-2021,2024,TE,14,140,124,108
kenneth-gainwell-2021,2021,RB,17,65,75,87
kenneth-gainwell-2021,2022,RB,15,148,128,94
chuba-hubbard-2021,2021,RB,14,81,89,64
chuba-hubbard-2021,2022,RB,12,16,71,19
chuba-hubbard-2021,2023,RB,14,96,76,49
amari-rodgers-2021,2021,WR,17,56,83,26
dyami-brown-2021,2021,WR,17,60,96,82
nico-collins-2021,2021,WR,14,55,48,43
nico-collins-2021,2022,WR,15,125,110,97
nico-collins-2021,2023,WR,15,260,229,201
nico-collins-2021,2024,WR,7,130,115,101
mac-jones-2021,2021,QB,17,225,225,225
mac-jones-2021,2022,QB,14,180,180,180
mac-jones-2021,2023,QB,10,100,100,100
rhamondre-stevenson-2021,2021,RB,12,95,86,78
rhamondre-stevenson-2021,2022,RB,17,230,208,190
rhamondre-stevenson-2021,2023,RB,12,135,122,111
rhamondre-stevenson-2021,2024,RB,13,140,127,115
d-wayne-eskridge-2021,2021,WR,16,152,100,98
d-wayne-eskridge-2021,2022,WR,13,136,99,99
d-wayne-eskridge-2021,2023,WR,17,150,119,109
d-wayne-eskridge-2021,2024,WR,14,104,118,100
josh-palmer-2021,2021,WR,15,56,49,81
josh-palmer-2021,2022,WR,17,70,29,69
josh-palmer-2021,2023,WR,13,34,78,23
elijah-mitchell-2021,2021,RB,8,34,16,17
tutu-atwell-2021,2021,WR,17,27,59,16
tutu-atwell-2021,2022,WR,13,25,41,32
tutu-atwell-2021,2023,WR,13,66,20,63
javian-hawkins-2021,2021,RB,15,21,70,13
tylan-wallace-2021,2021,WR,8,47,18,7
tylan-wallace-2021,2022,WR,15,42,79,61
dez-fitzpatrick-2021,2021,WR,14,140,100,86
dez-fitzpatrick-2021,2022,WR,16,134,101,131
dez-fitzpatrick-2021,2023,WR,14,120,122,78
dez-fitzpatrick-2021,2024,WR,13,112,102,103
jermar-jefferson-2021,2021,RB,14,16,54,55
jermar-jefferson-2021,2022,RB,13,79,52,22
jermar-jefferson-2021,2023,RB,16,68,86,14
anthony-schwartz-2021,2021,WR,16,66,37,55
nick-eubanks-2021,2021,TE,12,13,22,47
khalil-herbert-2021,2021,RB,9,70,63,58
khalil-herbert-2021,2022,RB,10,120,109,99
khalil-herbert-2021,2023,RB,5,40,36,33
khalil-herbert-2021,2024,RB,7,50,45,41
cornell-powell-2021,2021,WR,14,34,51,44
hunter-long-2021,2021,TE,15,25,60,49
hunter-long-2021,2022,TE,17,28,16,61
hunter-long-2021,2023,TE,15,50,54,15
larry-rountree-2021,2021,RB,15,43,17,29
larry-rountree-2021,2022,RB,17,94,66,18
brevin-jordan-2021,2021,TE,13,43,8,24
brevin-jordan-2021,2022,TE,15,12,49,55
luke-farrell-2021,2021,TE,15,79,34,41
luke-farrell-2021,2022,TE,14,24,21,42
gerrid-doaks-2021,2021,RB,14,123,113,90
gerrid-doaks-2021,2022,RB,13,155,159,126
gerrid-doaks-2021,2023,RB,17,161,122,109
gerrid-doaks-2021,2024,RB,13,187,154,116
austin-watkins-2021,2021,WR,13,60,45,54
austin-watkins-2021,2022,WR,13,32,53,67
chris-evans-2021,2021,RB,13,65,83,31
chris-evans-2021,2022,RB,17,41,30,44
tommy-tremble-2021,2021,TE,12,32,20,42
tommy-tremble-2021,2022,TE,14,75,91,85
tommy-tremble-2021,2023,TE,5,35,26,29
tommy-tremble-2021,2024,TE,13,91,90,70
ihmir-smith-marsette-2021,2021,WR,12,28,60,59
ihmir-smith-marsette-2021,2022,WR,14,63,69,76
kylin-hill-2021,2021,RB,16,113,70,48
kylin-hill-2021,2022,RB,8,25,46,37
shi-smith-2021,2021,WR,12,16,54,15
shi-smith-2021,2022,WR,6,33,8,20
kene-nwangwu-2021,2021,RB,17,63,55,73
jaelon-darden-2021,2021,WR,7,41,31,8
jaelon-darden-2021,2022,WR,12,39,74,18
kellen-mond-2021,2021,QB,17,112,65,174
noah-gray-2021,2021,TE,4,10,15,8
noah-gray-2021,2022,TE,9,16,13,21
noah-gray-2021,2023,TE,16,35,40,54
kyle-trask-2021,2021,QB,3,29,9,13
kyle-trask-2021,2022,QB,15,86,143,126
jalen-camp-2021,2021,WR,15,68,77,63
jalen-camp-2021,2022,WR,12,63,55,16
jacob-harris-2021,2021,WR,6,49,38,44
jacob-harris-2021,2022,WR,17,124,137,126
jacob-harris-2021,2023,WR,13,151,151,111
frank-darby-2021,2021,WR,16,111,41,39
frank-darby-2021,2022,WR,16,37,45,85
seth-williams-2021,2021,WR,5,14,23,13
davis-mills-2021,2021,QB,15,198,220,176
davis-mills-2021,2022,QB,13,148,171,182
davis-mills-2021,2023,QB,16,191,189,201
davis-mills-2021,2024,QB,16,195,222,222
marlon-williams-2021,2021,WR,12,40,52,65
warren-jackson-2021,2021,WR,13,90,63,16
warren-jackson-2021,2022,WR,14,86,59,41
warren-jackson-2021,2023,WR,15,77,81,69
jamie-newman-2021,2021,QB,13,70,106,121
jamie-newman-2021,2022,QB,14,108,90,75
kawaan-baker-2021,2021,WR,14,27,78,40
tamorrion-terry-2021,2021,WR,16,74,19,37
dazz-newsome-2021,2021,WR,12,60,43,44
sam-ehlinger-2021,2021,QB,15,143,75,80
sam-ehlinger-2021,2022,QB,7,26,35,26
josh-imatorbhebhe-2021,2021,WR,12,119,85,78
josh-imatorbhebhe-2021,2022,WR,12,112,112,85
jake-funk-2021,2021,RB,12,44,13,28
cade-johnson-2021,2021,WR,15,20,45,77
cade-johnson-2021,2022,WR,15,52,45,27
rakeem-boyd-2021,2021,RB,14,85,26,16
rakeem-boyd-2021,2022,RB,14,95,71,48
rakeem-boyd-2021,2023,RB,9,46,31,43
whop-philyor-2021,2021,WR,13,57,68,21
whop-philyor-2021,2022,WR,15,29,53,74
whop-philyor-2021,2023,WR,3,21,15,7
feleipe-franks-2021,2021,TE,14,58,35,54
feleipe-franks-2021,2022,TE,16,51,49,47
feleipe-franks-2021,2023,TE,15,74,33,15
stevie-scott-2021,2021,RB,13,67,76,34
stevie-scott-2021,2022,RB,13,17,54,76
ian-book-2021,2021,QB,14,49,77,113
tre-mckitty-2021,2021,TE,13,62,54,39
tre-mckitty-2021,2022,TE,12,40,47,32
tre-mckitty-2021,2023,TE,13,49,34,16
tre-nixon-2021,2021,WR,9,21,12,27
mike-strachan-2021,2021,WR,16,28,72,77
mike-strachan-2021,2022,WR,16,162,128,112
mike-strachan-2021,2023,WR,15,146,139,116
mike-strachan-2021,2024,WR,12,121,86,76
simi-fehoko-2021,2021,WR,14,28,26,49
simi-fehoko-2021,2022,WR,15,42,63,26
simi-fehoko-2021,2023,WR,16,40,94,26
clyde-edwards-helaire-2020,2020,RB,13,195,177,161
clyde-edwards-helaire-2020,2021,RB,10,120,109,99
clyde-edwards-helaire-2020,2022,RB,10,105,95,87
clyde-edwards-helaire-2020,2023,RB,10,80,73,66
clyde-edwards-helaire-2020,2024,RB,4,25,23,21
jonathan-taylor-2020,2020,RB,15,260,236,214
jonathan-taylor-2020,2021,RB,17,370,335,305
jonathan-taylor-2020,2022,RB,11,150,136,124
jonathan-taylor-2020,2023,RB,16,265,240,218
jonathan-taylor-2020,2024,RB,16,250,227,206
jk-dobbins-2020,2020,RB,15,160,145,132
jk-dobbins-2020,2022,RB,8,90,82,74
jk-dobbins-2020,2023,RB,14,165,150,136
jk-dobbins-2020,2024,RB,11,135,122,111
d-andre-swift-2020,2020,RB,14,43,31,30
d-andre-swift-2020,2021,RB,14,129,97,97
d-andre-swift-2020,2022,RB,14,107,134,100
ceedee-lamb-2020,2020,WR,16,195,172,152
ceedee-lamb-2020,2021,WR,16,250,221,193
ceedee-lamb-2020,2022,WR,17,310,274,240
ceedee-lamb-2020,2023,WR,17,340,300,263
ceedee-lamb-2020,2024,WR,7,90,79,70
cam-akers-2020,2020,RB,13,155,140,128
cam-akers-2020,2021,RB,5,45,41,37
cam-akers-2020,2022,RB,14,110,100,91
cam-akers-2020,2023,RB,12,75,68,62
jerry-jeudy-2020,2020,WR,14,28,55,69
jerry-jeudy-2020,2021,WR,16,152,133,128
justin-jefferson-2020,2020,WR,16,265,234,205
justin-jefferson-2020,2021,WR,17,310,274,240
justin-jefferson-2020,2022,WR,17,380,335,294
justin-jefferson-2020,2023,WR,10,175,154,136
justin-jefferson-2020,2024,WR,17,320,282,248
jalen-reagor-2020,2020,WR,15,49,57,62
jalen-reagor-2020,2021,WR,3,30,28,20
henry-ruggs-2020,2020,WR,16,133,138,110
henry-ruggs-2020,2021,WR,14,204,142,146
ke-shawn-vaughn-2020,2020,RB,14,126,114,100
ke-shawn-vaughn-2020,2021,RB,13,145,169,134
ke-shawn-vaughn-2020,2022,RB,16,153,126,98
ke-shawn-vaughn-2020,2023,RB,15,204,186,140
ke-shawn-vaughn-2020,2024,RB,16,235,174,152
tee-higgins-2020,2020,WR,16,180,159,139
tee-higgins-2020,2021,WR,14,210,185,163
tee-higgins-2020,2022,WR,16,255,225,198
tee-higgins-2020,2023,WR,12,185,163,143
tee-higgins-2020,2024,WR,13,195,172,152
michael-pittman-2020,2020,WR,13,90,79,70
michael-pittman-2020,2021,WR,17,225,198,174
michael-pittman-2020,2022,WR,17,260,229,201
michael-pittman-2020,2023,WR,16,225,198,174
michael-pittman-2020,2024,WR,8,75,66,58
denzel-mims-2020,2020,WR,16,75,57,41
joe-burrow-2020,2020,QB,10,195,195,195
joe-burrow-2020,2021,QB,16,350,350,350
joe-burrow-2020,2022,QB,16,340,340,340
joe-burrow-2020,2023,QB,10,190,190,190
joe-burrow-2020,2024,QB,12,245,245,245
brandon-aiyuk-2020,2020,WR,12,130,115,101
brandon-aiyuk-2020,2021,WR,17,195,172,152
brandon-aiyuk-2020,2022,WR,17,240,212,186
brandon-aiyuk-2020,2023,WR,16,265,234,205
brandon-aiyuk-2020,2024,WR,7,90,79,70
aj-dillon-2020,2020,RB,12,208,191,156
aj-dillon-2020,2021,RB,13,216,232,225
aj-dillon-2020,2022,RB,16,313,296,283
aj-dillon-2020,2023,RB,13,227,185,170
aj-dillon-2020,2024,RB,16,263,280,255
zack-moss-2020,2020,RB,15,102,79,26
laviska-shenault-2020,2020,WR,12,71,68,45
laviska-shenault-2020,2021,WR,13,89,32,13
laviska-shenault-2020,2022,WR,12,26,51,61
antonio-gibson-2020,2020,RB,14,225,204,186
antonio-gibson-2020,2021,RB,16,210,190,173
antonio-gibson-2020,2022,RB,16,165,150,136
antonio-gibson-2020,2023,RB,17,125,113,103
antonio-gibson-2020,2024,RB,15,85,77,70
tua-tagovailoa-2020,2020,QB,9,135,135,135
tua-tagovailoa-2020,2021,QB,13,200,200,200
tua-tagovailoa-2020,2022,QB,13,250,250,250
tua-tagovailoa-2020,2023,QB,17,325,325,325
tua-tagovailoa-2020,2024,QB,11,190,190,190
bryan-edwards-2020,2020,WR,12,80,66,49
bryan-edwards-2020,2021,WR,17,66,95,20
anthony-mcfarland-2020,2020,RB,12,33,67,23
anthony-mcfarland-2020,2021,RB,4,9,21,4
anthony-mcfarland-2020,2022,RB,14,92,65,50
chase-claypool-2020,2020,WR,12,49,61,30
chase-claypool-2020,2021,WR,16,53,99,54
darrynton-evans-2020,2020,RB,13,146,180,164
darrynton-evans-2020,2021,RB,16,161,149,130
darrynton-evans-2020,2022,RB,17,254,187,200
joshua-kelley-2020,2020,RB,15,107,104,106
joshua-kelley-2020,2021,RB,8,72,58,58
joshua-kelley-2020,2022,RB,15,129,109,126
joshua-kelley-2020,2023,RB,15,133,125,114
joshua-kelley-2020,2024,RB,16,120,147,121
kj-hamler-2020,2020,WR,16,48,48,36
justin-herbert-2020,2020,QB,15,340,340,340
justin-herbert-2020,2021,QB,17,365,365,365
justin-herbert-2020,2022,QB,17,350,350,350
justin-herbert-2020,2023,QB,13,260,260,260
justin-herbert-2020,2024,QB,15,285,285,285
van-jefferson-2020,2020,WR,15,39,66,77
van-jefferson-2020,2021,WR,12,54,25,44
cole-kmet-2020,2020,TE,16,65,57,50
cole-kmet-2020,2021,TE,17,105,93,82
cole-kmet-2020,2022,TE,17,155,137,120
cole-kmet-2020,2023,TE,17,130,115,101
cole-kmet-2020,2024,TE,17,140,124,108
devin-duvernay-2020,2020,WR,13,75,80,54
lynn-bowden-2020,2020,WR,13,65,37,70
lynn-bowden-2020,2021,WR,15,54,70,19
antonio-gandy-golden-2020,2020,WR,17,70,53,21
antonio-gandy-golden-2020,2021,WR,17,131,160,124
antonio-gandy-golden-2020,2022,WR,15,150,99,88
antonio-gandy-golden-2020,2023,WR,16,143,122,119
antonio-gandy-golden-2020,2024,WR,17,173,158,104
adam-trautman-2020,2020,TE,12,13,55,6
adam-trautman-2020,2021,TE,15,45,56,36
adam-trautman-2020,2022,TE,12,20,25,40
eno-benjamin-2020,2020,RB,15,106,56,73
tyler-johnson-2020,2020,WR,3,14,15,10
tyler-johnson-2020,2021,WR,13,26,24,54
tyler-johnson-2020,2022,WR,12,18,37,36
lamical-perine-2020,2020,RB,17,71,68,38
devin-asiasi-2020,2020,TE,12,59,42,13
devin-asiasi-2020,2021,TE,17,70,41,43
devin-asiasi-2020,2022,TE,16,69,48,47
deejay-dallas-2020,2020,RB,14,93,86,32
deejay-dallas-2020,2021,RB,15,46,66,16
deejay-dallas-2020,2022,RB,4,25,19,12
jordan-love-2020,2020,QB,1,5,5,5
jordan-love-2020,2021,QB,1,8,8,8
jordan-love-2020,2022,QB,2,15,15,15
jordan-love-2020,2023,QB,17,310,310,310
jordan-love-2020,2024,QB,14,265,265,265
quintez-cephus-2020,2020,WR,14,58,54,25
jalen-hurts-2020,2020,QB,4,70,70,70
jalen-hurts-2020,2021,QB,15,310,310,310
jalen-hurts-2020,2022,QB,17,400,400,400
jalen-hurts-2020,2023,QB,17,360,360,360
jalen-hurts-2020,2024,QB,16,340,340,340
donovan-peoples-jones-2020,2020,WR,15,96,49,64
donovan-peoples-jones-2020,2021,WR,17,27,76,91
donovan-peoples-jones-2020,2022,WR,14,58,16,65
marquez-callaway-2020,2020,WR,16,34,67,39
gabe-davis-2020,2020,WR,11,65,57,50
gabe-davis-2020,2021,WR,16,115,101,89
gabe-davis-2020,2022,WR,17,200,176,155
gabe-davis-2020,2023,WR,15,115,101,89
gabe-davis-2020,2024,WR,13,80,71,62
dalton-keene-2020,2020,TE,12,42,44,25
dalton-keene-2020,2021,TE,8,43,54,34
dalton-keene-2020,2022,TE,16,90,78,70
dalton-keene-2020,2023,TE,12,83,76,52
dalton-keene-2020,2024,TE,16,114,87,99
albert-okwuegbunam-2020,2020,TE,14,35,9,16
albert-okwuegbunam-2020,2021,TE,13,57,48,38
albert-okwuegbunam-2020,2022,TE,15,41,38,24
thaddeus-moss-2020,2020,TE,3,10,12,7
thaddeus-moss-2020,2021,TE,15,56,21,35
charlie-woerner-2020,2020,TE,14,29,9,26
charlie-woerner-2020,2021,TE,14,90,84,61
charlie-woerner-2020,2022,TE,17,103,81,104
charlie-woerner-2020,2023,TE,12,72,64,76
charlie-woerner-2020,2024,TE,13,70,93,58
isaiah-coulter-2020,2020,WR,16,33,56,56
isaiah-coulter-2020,2021,WR,17,60,104,82
jacob-eason-2020,2020,QB,16,295,295,292
jacob-eason-2020,2021,QB,6,89,92,112
jacob-eason-2020,2022,QB,17,225,211,245
jacob-eason-2020,2023,QB,14,212,217,231
jacob-eason-2020,2024,QB,12,222,185,221
collin-johnson-2020,2020,WR,15,73,49,44
kj-hill-2020,2020,WR,14,17,67,33
kj-hill-2020,2021,WR,12,64,33,64
scottie-phillips-2020,2020,RB,9,13,46,51
scottie-phillips-2020,2021,RB,16,72,72,89
scottie-phillips-2020,2022,RB,17,112,22,35
michael-warren-2020,2020,RB,16,61,22,86
michael-warren-2020,2021,RB,17,36,77,77
joe-reed-2020,2020,WR,15,61,61,82
joe-reed-2020,2021,WR,14,26,20,46
joe-reed-2020,2022,WR,12,78,73,52
darnell-mooney-2020,2020,WR,16,120,106,93
darnell-mooney-2020,2021,WR,17,195,172,152
darnell-mooney-2020,2022,WR,12,85,75,66
darnell-mooney-2020,2023,WR,16,110,97,85
darnell-mooney-2020,2024,WR,16,175,154,136
raymond-calais-2020,2020,RB,14,45,69,41
john-hightower-2020,2020,WR,5,7,6,16
harrison-bryant-2020,2020,TE,13,21,54,12
harrison-bryant-2020,2021,TE,13,50,11,44
harrison-bryant-2020,2022,TE,16,32,58,16
jj-taylor-2020,2020,RB,14,58,90,77
jj-taylor-2020,2021,RB,14,135,91,113
jj-taylor-2020,2022,RB,17,159,126,122
jake-fromm-2020,2020,QB,16,161,126,155
james-robinson-2020,2020,RB,14,270,245,222
james-robinson-2020,2021,RB,14,195,177,161
james-robinson-2020,2022,RB,10,85,77,70
colby-parkinson-2020,2020,TE,15,52,13,52
james-proche-2020,2020,WR,17,93,18,69
james-proche-2020,2021,WR,16,104,99,50
james-proche-2020,2022,WR,5,34,10,23
kalija-lipscomb-2020,2020,WR,13,57,54,47
javon-leake-2020,2020,RB,17,41,39,30
malcolm-perry-2020,2020,WR,16,24,43,58
malcolm-perry-2020,2021,WR,17,79,44,37
jauan-jennings-2020,2020,WR,13,15,39,46
jauan-jennings-2020,2021,WR,15,153,109,94
jauan-jennings-2020,2022,WR,13,94,118,97
jauan-jennings-2020,2023,WR,16,161,113,104
kj-osborn-2020,2020,WR,4,21,17,16
kj-osborn-2020,2021,WR,13,96,112,86
kj-osborn-2020,2022,WR,14,112,97,103
kj-osborn-2020,2023,WR,16,134,129,113
kj-osborn-2020,2024,WR,13,109,112,77
jamycal-hasty-2020,2020,RB,16,99,89,91
brycen-hopkins-2020,2020,TE,16,26,25,50
brycen-hopkins-2020,2021,TE,16,62,10,29
brycen-hopkins-2020,2022,TE,17,38,55,27
josiah-deguara-2020,2020,TE,14,65,21,31
josiah-deguara-2020,2021,TE,7,27,18,25
hunter-bryant-2020,2020,TE,12,46,42,25
hunter-bryant-2020,2021,TE,13,15,48,28
josh-jacobs-2019,2019,RB,13,215,195,178
josh-jacobs-2019,2020,RB,15,255,231,210
josh-jacobs-2019,2021,RB,15,235,213,194
josh-jacobs-2019,2022,RB,17,310,281,255
josh-jacobs-2019,2023,RB,15,230,208,190
josh-jacobs-2019,2024,RB,16,260,236,214
david-montgomery-2019,2019,RB,16,210,190,173
david-montgomery-2019,2020,RB,15,230,208,190
david-montgomery-2019,2021,RB,13,210,190,173
david-montgomery-2019,2022,RB,14,200,181,165
david-montgomery-2019,2023,RB,17,260,236,214
david-montgomery-2019,2024,RB,17,230,208,190
n-keal-harry-2019,2019,WR,16,143,102,121
n-keal-harry-2019,2020,WR,14,148,112,112
n-keal-harry-2019,2021,WR,12,85,80,90
n-keal-harry-2019,2022,WR,12,122,90,78
n-keal-harry-2019,2023,WR,14,129,97,110
n-keal-harry-2019,2024,WR,14,103,93,84
miles-sanders-2019,2019,RB,16,230,208,190
miles-sanders-2019,2020,RB,12,160,145,132
miles-sanders-2019,2021,RB,12,145,131,119
miles-sanders-2019,2022,RB,17,205,186,169
miles-sanders-2019,2023,RB,13,90,82,74
dk-metcalf-2019,2019,WR,16,220,194,170
dk-metcalf-2019,2020,WR,16,280,247,217
dk-metcalf-2019,2021,WR,17,240,212,186
dk-metcalf-2019,2022,WR,17,215,190,166
dk-metcalf-2019,2023,WR,15,205,181,159
dk-metcalf-2019,2024,WR,17,220,194,170
darrell-henderson-2019,2019,RB,13,72,22,23
darrell-henderson-2019,2020,RB,15,86,34,45
darrell-henderson-2019,2021,RB,7,36,29,23
tj-hockenson-2019,2019,TE,12,115,101,89
tj-hockenson-2019,2020,TE,16,155,137,120
tj-hockenson-2019,2021,TE,12,130,115,101
tj-hockenson-2019,2022,TE,16,225,198,174
tj-hockenson-2019,2023,TE,11,140,124,108
kyler-murray-2019,2019,QB,16,315,315,315
kyler-murray-2019,2020,QB,16,355,355,355
kyler-murray-2019,2021,QB,14,310,310,310
kyler-murray-2019,2022,QB,11,195,195,195
kyler-murray-2019,2023,QB,8,130,130,130
kyler-murray-2019,2024,QB,16,280,280,280
parris-campbell-2019,2019,WR,8,72,65,45
parris-campbell-2019,2020,WR,17,250,169,159
parris-campbell-2019,2021,WR,17,236,162,145
parris-campbell-2019,2022,WR,17,247,218,170
parris-campbell-2019,2023,WR,8,101,102,72
parris-campbell-2019,2024,WR,15,130,105,118
aj-brown-2019,2019,WR,16,215,190,166
aj-brown-2019,2020,WR,14,210,185,163
aj-brown-2019,2021,WR,13,220,194,170
aj-brown-2019,2022,WR,17,310,274,240
aj-brown-2019,2023,WR,13,255,225,198
aj-brown-2019,2024,WR,16,245,216,190
noah-fant-2019,2019,TE,15,241,203,160
noah-fant-2019,2020,TE,15,227,212,139
deebo-samuel-2019,2019,WR,15,185,163,143
deebo-samuel-2019,2020,WR,7,75,66,58
deebo-samuel-2019,2021,WR,16,325,287,251
deebo-samuel-2019,2022,WR,13,220,194,170
deebo-samuel-2019,2023,WR,15,225,198,174
deebo-samuel-2019,2024,WR,15,205,181,159
damien-harris-2019,2019,RB,12,163,162,114
damien-harris-2019,2020,RB,6,99,98,95
damien-harris-2019,2021,RB,14,273,249,240
damien-harris-2019,2022,RB,15,216,171,172
damien-harris-2019,2023,RB,13,262,237,190
marquise-brown-2019,2019,WR,16,61,40,19
jj-arcega-whiteside-2019,2019,WR,12,112,107,67
jj-arcega-whiteside-2019,2020,WR,15,132,130,85
jj-arcega-whiteside-2019,2021,WR,9,69,83,70
jj-arcega-whiteside-2019,2022,WR,14,107,126,80
jj-arcega-whiteside-2019,2023,WR,15,118,105,91
devin-singletary-2019,2019,RB,17,35,53,88
devin-singletary-2019,2020,RB,16,28,81,80
devin-singletary-2019,2021,RB,14,42,82,17
andy-isabella-2019,2019,WR,12,98,79,67
andy-isabella-2019,2020,WR,15,109,115,87
andy-isabella-2019,2021,WR,16,157,150,113
andy-isabella-2019,2022,WR,8,77,51,53
justice-hill-2019,2019,RB,17,33,88,34
justice-hill-2019,2020,RB,13,70,15,23
mecole-hardman-2019,2019,WR,16,52,19,82
mecole-hardman-2019,2020,WR,15,101,36,48
hakeem-butler-2019,2019,WR,16,52,56,59
hakeem-butler-2019,2020,WR,12,83,39,41
hakeem-butler-2019,2021,WR,14,75,83,16
alexander-mattison-2019,2019,RB,13,96,89,107
alexander-mattison-2019,2020,RB,17,122,164,135
alexander-mattison-2019,2021,RB,8,72,65,65
alexander-mattison-2019,2022,RB,14,136,101,87
alexander-mattison-2019,2023,RB,17,132,145,136
alexander-mattison-2019,2024,RB,14,146,96,118
dwayne-haskins-2019,2019,QB,13,220,199,203
dwayne-haskins-2019,2020,QB,16,326,339,329
dwayne-haskins-2019,2021,QB,14,250,250,248
irv-smith-jr-2019,2019,TE,14,57,38,43
irv-smith-jr-2019,2020,TE,6,25,10,17
diontae-johnson-2019,2019,WR,16,56,56,21
darwin-thompson-2019,2019,RB,13,17,80,41
darwin-thompson-2019,2020,RB,15,21,75,42
miles-boykin-2019,2019,WR,17,82,79,81
miles-boykin-2019,2020,WR,16,24,99,25
miles-boykin-2019,2021,WR,16,94,98,49
jace-sternberger-2019,2019,TE,14,126,130,111
jace-sternberger-2019,2020,TE,12,92,63,66
jace-sternberger-2019,2021,TE,12,65,59,71
jace-sternberger-2019,2022,TE,15,155,127,119
jace-sternberger-2019,2023,TE,8,63,47,45
jace-sternberger-2019,2024,TE,12,102,109,76
terry-mclaurin-2019,2019,WR,14,210,185,163
terry-mclaurin-2019,2020,WR,15,235,207,182
terry-mclaurin-2019,2021,WR,17,250,221,193
terry-mclaurin-2019,2022,WR,17,260,229,201
terry-mclaurin-2019,2023,WR,17,245,216,190
terry-mclaurin-2019,2024,WR,17,240,212,186
benny-snell-2019,2019,RB,13,238,200,233
benny-snell-2019,2020,RB,15,229,161,172
benny-snell-2019,2021,RB,13,245,232,236
benny-snell-2019,2022,RB,15,204,155,187
benny-snell-2019,2023,RB,14,283,270,206
benny-snell-2019,2024,RB,17,184,239,192
bryce-love-2019,2019,RB,12,191,204,209
bryce-love-2019,2020,RB,17,253,216,178
bryce-love-2019,2021,RB,16,179,171,196
bryce-love-2019,2022,RB,17,330,301,232
bryce-love-2019,2023,RB,17,311,307,255
bryce-love-2019,2024,RB,12,256,208,161
kelvin-harmon-2019,2019,WR,16,348,296,229
kelvin-harmon-2019,2020,WR,15,283,251,193
kelvin-harmon-2019,2021,WR,13,227,180,216
kelvin-harmon-2019,2022,WR,8,116,79,86
kelvin-harmon-2019,2023,WR,14,186,153,132
kelvin-harmon-2019,2024,WR,15,206,155,136
jakobi-meyers-2019,2019,WR,15,126,109,88
jakobi-meyers-2019,2020,WR,15,152,107,103
jakobi-meyers-2019,2021,WR,17,122,146,93
jakobi-meyers-2019,2022,WR,13,102,97,88
jalen-hurd-2019,2019,WR,13,83,67,27
ryquell-armstead-2019,2019,RB,12,252,176,194
ryquell-armstead-2019,2020,RB,12,193,177,179
ryquell-armstead-2019,2021,RB,17,295,263,285
juwann-winfree-2019,2019,WR,13,17,21,12
dexter-williams-2019,2019,RB,16,36,65,39
dexter-williams-2019,2020,RB,12,32,58,68
dexter-williams-2019,2021,RB,15,49,41,57
tony-pollard-2019,2019,RB,13,63,64,37
tony-pollard-2019,2020,RB,9,61,10,13
gardner-minshew-2019,2019,QB,13,83,130,116
gardner-minshew-2019,2020,QB,12,124,69,123
gardner-minshew-2019,2021,QB,15,57,131,143
josh-oliver-2019,2019,TE,15,102,93,82
josh-oliver-2019,2020,TE,15,110,103,67
daniel-jones-2019,2019,QB,12,68,95,50
daniel-jones-2019,2020,QB,15,84,58,59
rodney-anderson-2019,2019,RB,15,43,72,53
rodney-anderson-2019,2020,RB,16,51,31,47
riley-ridley-2019,2019,WR,14,62,15,22
riley-ridley-2019,2020,WR,13,57,74,37
riley-ridley-2019,2021,WR,5,7,26,22
johnnie-dixon-2019,2019,WR,16,43,62,51
drew-lock-2019,2019,QB,12,256,248,229
drew-lock-2019,2020,QB,17,397,356,343
drew-lock-2019,2021,QB,16,261,274,284
drew-lock-2019,2022,QB,17,310,318,260
drew-lock-2019,2023,QB,13,236,223,193
drew-lock-2019,2024,QB,16,356,376,342
dawson-knox-2019,2019,TE,12,12,14,44
bruce-anderson-2019,2019,RB,16,188,200,191
bruce-anderson-2019,2020,RB,14,252,217,191
bruce-anderson-2019,2021,RB,16,242,187,185
bruce-anderson-2019,2022,RB,14,264,222,225
bruce-anderson-2019,2023,RB,17,243,197,215
bruce-anderson-2019,2024,RB,15,267,235,269
qadree-ollison-2019,2019,RB,13,37,43,21
qadree-ollison-2019,2020,RB,13,47,71,60
qadree-ollison-2019,2021,RB,17,39,60,74
emmanuel-butler-2019,2019,WR,15,103,88,15
emmanuel-butler-2019,2020,WR,17,89,78,30
emmanuel-butler-2019,2021,WR,17,78,91,86
darius-slayton-2019,2019,WR,12,83,17,17
darius-slayton-2019,2020,WR,6,7,28,21
darius-slayton-2019,2021,WR,15,27,44,73
kahale-warring-2019,2019,TE,3,14,11,6
trayveon-williams-2019,2019,RB,12,77,64,20
hunter-renfrow-2019,2019,WR,15,63,38,72
hunter-renfrow-2019,2020,WR,17,60,36,17
jalen-guyton-2019,2019,WR,14,17,81,24
jalen-guyton-2019,2020,WR,15,75,49,65
jalen-guyton-2019,2021,WR,17,90,69,37
tyree-jackson-2019,2019,TE,16,24,54,61
tyree-jackson-2019,2020,TE,16,57,27,36
tyree-jackson-2019,2021,TE,12,52,40,22
gary-jennings-2019,2019,WR,16,97,61,73
mike-weber-2019,2019,RB,4,6,14,21
myles-gaskin-2019,2019,RB,16,71,95,38
myles-gaskin-2019,2020,RB,17,42,35,86
myles-gaskin-2019,2021,RB,17,95,65,15
preston-williams-2019,2019,WR,13,20,45,70
preston-williams-2019,2020,WR,12,59,13,44
preston-williams-2019,2021,WR,13,33,60,43
keesean-johnson-2019,2019,WR,15,63,83,19
will-grier-2019,2019,QB,15,127,56,107
will-grier-2019,2020,QB,16,221,212,195
will-grier-2019,2021,QB,12,160,153,140
will-grier-2019,2022,QB,14,164,165,161
will-grier-2019,2023,QB,8,108,110,87
will-grier-2019,2024,QB,12,128,170,169
david-sills-2019,2019,WR,15,48,59,31
david-sills-2019,2020,WR,16,80,92,21
david-sills-2019,2021,WR,15,86,27,81
elijah-holyfield-2019,2019,RB,16,42,53,71
trevon-wesco-2019,2019,TE,13,62,41,23
trevon-wesco-2019,2020,TE,15,73,41,28
trevon-wesco-2019,2021,TE,17,78,49,31
devine-ozigbo-2019,2019,RB,12,83,54,29
devine-ozigbo-2019,2020,RB,15,154,104,110
devine-ozigbo-2019,2021,RB,14,147,97,113
devine-ozigbo-2019,2022,RB,14,101,119,117
devine-ozigbo-2019,2023,RB,13,101,100,80
devine-ozigbo-2019,2024,RB,12,97,116,97
jordan-scarlett-2019,2019,RB,14,37,51,59
jordan-scarlett-2019,2020,RB,12,42,18,70
karan-higdon-2019,2019,RB,5,19,25,25
emanuel-hall-2019,2019,WR,15,56,76,49
emanuel-hall-2019,2020,WR,7,40,29,30
emanuel-hall-2019,2021,WR,16,88,80,58
caleb-wilson-2019,2019,TE,15,48,37,36
caleb-wilson-2019,2020,TE,14,69,35,21
john-ursua-2019,2019,WR,6,37,37,20
john-ursua-2019,2020,WR,12,43,32,65
john-ursua-2019,2021,WR,12,32,59,47
jarrett-stidham-2019,2019,QB,17,154,154,63
jarrett-stidham-2019,2020,QB,5,15,20,25
jarrett-stidham-2019,2021,QB,14,147,122,94
ryan-finley-2019,2019,QB,15,142,56,147
zach-gentry-2019,2019,TE,13,56,47,29
zach-gentry-2019,2020,TE,15,17,50,7
travis-homer-2019,2019,RB,13,45,28,73
greg-dortch-2019,2019,WR,16,42,46,59
greg-dortch-2019,2020,WR,13,81,16,18
greg-dortch-2019,2021,WR,16,36,19,43
foster-moreau-2019,2019,TE,12,41,12,47
foster-moreau-2019,2020,TE,14,35,49,37
lil-jordan-humphrey-2019,2019,WR,15,102,81,65
lil-jordan-humphrey-2019,2020,WR,16,54,24,19
lil-jordan-humphrey-2019,2021,WR,13,39,22,32
drew-sample-2019,2019,TE,14,22,44,25
saquon-barkley-2018,2018,RB,16,385,340,298
saquon-barkley-2018,2019,RB,13,220,194,170
saquon-barkley-2018,2020,RB,2,28,25,22
saquon-barkley-2018,2021,RB,13,195,172,152
saquon-barkley-2018,2022,RB,16,280,247,217
saquon-barkley-2018,2023,RB,14,200,176,155
saquon-barkley-2018,2024,RB,16,330,291,255
derrius-guice-2018,2018,RB,13,96,106,102
derrius-guice-2018,2019,RB,17,171,128,134
derrius-guice-2018,2020,RB,12,116,80,88
derrius-guice-2018,2021,RB,14,105,96,114
derrius-guice-2018,2022,RB,15,137,104,109
rashaad-penny-2018,2018,RB,12,220,187,176
rashaad-penny-2018,2019,RB,3,37,38,31
rashaad-penny-2018,2020,RB,13,249,238,203
rashaad-penny-2018,2021,RB,14,226,251,215
sony-michel-2018,2018,RB,3,33,35,28
sony-michel-2018,2019,RB,14,106,102,115
sony-michel-2018,2020,RB,13,168,135,161
nick-chubb-2018,2018,RB,16,200,181,165
nick-chubb-2018,2019,RB,16,275,249,226
nick-chubb-2018,2020,RB,12,245,222,201
nick-chubb-2018,2021,RB,14,240,218,198
nick-chubb-2018,2022,RB,12,210,190,173
nick-chubb-2018,2023,RB,2,25,23,21
nick-chubb-2018,2024,RB,12,145,131,119
ronald-jones-2018,2018,RB,15,99,96,24
ronald-jones-2018,2019,RB,15,48,19,35
royce-freeman-2018,2018,RB,17,170,150,141
royce-freeman-2018,2019,RB,13,164,142,151
royce-freeman-2018,2020,RB,12,134,143,124
dj-moore-2018,2018,WR,16,195,172,152
dj-moore-2018,2019,WR,15,250,221,193
dj-moore-2018,2020,WR,15,230,203,178
dj-moore-2018,2021,WR,17,230,203,178
dj-moore-2018,2022,WR,17,255,225,198
dj-moore-2018,2023,WR,17,235,207,182
dj-moore-2018,2024,WR,16,200,176,155
kerryon-johnson-2018,2018,RB,14,30,90,49
calvin-ridley-2018,2018,WR,16,175,154,136
calvin-ridley-2018,2019,WR,13,150,132,116
calvin-ridley-2018,2020,WR,15,300,265,232
calvin-ridley-2018,2021,WR,5,65,57,50
calvin-ridley-2018,2023,WR,17,175,154,136
calvin-ridley-2018,2024,WR,14,120,106,93
christian-kirk-2018,2018,WR,14,77,84,61
christian-kirk-2018,2019,WR,13,52,31,23
courtland-sutton-2018,2018,WR,16,145,128,112
courtland-sutton-2018,2019,WR,16,220,194,170
courtland-sutton-2018,2020,WR,1,10,9,8
courtland-sutton-2018,2021,WR,17,170,150,132
courtland-sutton-2018,2022,WR,16,145,128,112
courtland-sutton-2018,2023,WR,16,175,154,136
courtland-sutton-2018,2024,WR,16,155,137,120
michael-gallup-2018,2018,WR,17,80,27,75
michael-gallup-2018,2019,WR,9,48,51,37
anthony-miller-2018,2018,WR,15,26,57,76
anthony-miller-2018,2019,WR,9,42,43,35
mike-gesicki-2018,2018,TE,13,79,88,57
mike-gesicki-2018,2019,TE,5,45,40,36
mike-gesicki-2018,2020,TE,14,155,114,93
mike-gesicki-2018,2021,TE,15,103,109,69
mike-gesicki-2018,2022,TE,15,89,86,68
mike-gesicki-2018,2023,TE,12,136,93,101
james-washington-2018,2018,WR,16,107,68,49
james-washington-2018,2019,WR,14,55,40,18
james-washington-2018,2020,WR,14,18,63,55
nyheim-hines-2018,2018,RB,8,18,31,37
lamar-jackson-2018,2018,QB,7,165,165,165
lamar-jackson-2018,2019,QB,15,415,415,415
lamar-jackson-2018,2020,QB,15,315,315,315
lamar-jackson-2018,2021,QB,12,260,260,260
lamar-jackson-2018,2022,QB,12,250,250,250
lamar-jackson-2018,2023,QB,16,370,370,370
lamar-jackson-2018,2024,QB,15,355,355,355
kalen-ballage-2018,2018,RB,14,77,80,34
baker-mayfield-2018,2018,QB,14,240,240,240
baker-mayfield-2018,2019,QB,16,230,230,230
baker-mayfield-2018,2020,QB,16,210,210,210
baker-mayfield-2018,2021,QB,14,200,200,200
baker-mayfield-2018,2022,QB,13,175,175,175
baker-mayfield-2018,2023,QB,17,310,310,310
baker-mayfield-2018,2024,QB,16,285,285,285
dante-pettis-2018,2018,WR,13,31,22,36
dante-pettis-2018,2019,WR,17,42,91,16
dante-pettis-2018,2020,WR,15,44,72,19
hayden-hurst-2018,2018,TE,16,128,80,84
hayden-hurst-2018,2019,TE,8,52,44,47
hayden-hurst-2018,2020,TE,13,72,67,60
brandon-zylstra-2018,2018,WR,13,170,158,151
brandon-zylstra-2018,2019,WR,13,284,197,180
brandon-zylstra-2018,2020,WR,12,244,185,155
brandon-zylstra-2018,2021,WR,12,173,123,140
brandon-zylstra-2018,2022,WR,15,257,223,187
brandon-zylstra-2018,2023,WR,16,331,239,208
brandon-zylstra-2018,2024,WR,16,318,284,274
josh-rosen-2018,2018,QB,14,97,125,119
dallas-goedert-2018,2018,TE,16,29,51,36
dallas-goedert-2018,2019,TE,13,20,44,50
dallas-goedert-2018,2020,TE,12,15,45,19
tre-quan-smith-2018,2018,WR,16,40,54,29
tre-quan-smith-2018,2019,WR,13,70,34,35
tre-quan-smith-2018,2020,WR,16,23,40,22
dj-chark-2018,2018,WR,13,67,35,53
sam-darnold-2018,2018,QB,12,153,136,164
sam-darnold-2018,2019,QB,13,172,177,180
sam-darnold-2018,2020,QB,17,213,180,204
sam-darnold-2018,2021,QB,3,44,43,41
sam-darnold-2018,2022,QB,17,240,201,194
sam-darnold-2018,2023,QB,17,224,213,222
antonio-callaway-2018,2018,WR,13,88,19,17
antonio-callaway-2018,2019,WR,17,96,72,63
antonio-callaway-2018,2020,WR,13,54,15,63
jordan-wilkins-2018,2018,RB,15,107,125,122
jordan-wilkins-2018,2019,RB,4,36,27,28
jordan-wilkins-2018,2020,RB,16,169,123,98
jordan-wilkins-2018,2021,RB,12,119,110,77
equanimeous-st-brown-2018,2018,WR,15,153,95,91
equanimeous-st-brown-2018,2019,WR,14,133,119,108
equanimeous-st-brown-2018,2020,WR,12,133,114,116
equanimeous-st-brown-2018,2021,WR,13,162,170,128
keke-coutee-2018,2018,WR,15,122,115,118
keke-coutee-2018,2019,WR,12,126,108,73
keke-coutee-2018,2020,WR,17,150,106,124
keke-coutee-2018,2021,WR,14,108,98,105
keke-coutee-2018,2022,WR,13,119,98,104
keke-coutee-2018,2023,WR,16,163,113,120
josh-allen-2018,2018,QB,12,210,210,210
josh-allen-2018,2019,QB,16,285,285,285
josh-allen-2018,2020,QB,16,400,400,400
josh-allen-2018,2021,QB,17,395,395,395
josh-allen-2018,2022,QB,17,385,385,385
josh-allen-2018,2023,QB,17,370,370,370
josh-allen-2018,2024,QB,17,375,375,375
j-mon-moore-2018,2018,WR,14,73,52,57
daesean-hamilton-2018,2018,WR,9,19,46,47
daesean-hamilton-2018,2019,WR,15,100,66,69
daesean-hamilton-2018,2020,WR,14,23,40,50
john-kelly-2018,2018,RB,4,9,15,16
deon-cain-2018,2018,WR,13,76,73,67
deon-cain-2018,2019,WR,13,58,76,17
deon-cain-2018,2020,WR,16,54,48,16
chase-edmonds-2018,2018,RB,16,189,163,191
chase-edmonds-2018,2019,RB,15,229,209,140
chase-edmonds-2018,2020,RB,17,144,141,119
chase-edmonds-2018,2021,RB,17,256,174,165
chase-edmonds-2018,2022,RB,15,201,176,161
jaylen-samuels-2018,2018,RB,17,45,90,73
mark-andrews-2018,2018,TE,12,62,26,45
mark-andrews-2018,2019,TE,15,100,80,73
mark-andrews-2018,2020,TE,9,57,65,44
mark-andrews-2018,2021,TE,15,108,97,75
mark-andrews-2018,2022,TE,13,86,74,81
mark-andrews-2018,2023,TE,15,113,100,64
mark-andrews-2018,2024,TE,12,88,64,59
luke-falk-2018,2018,QB,17,138,87,160
luke-falk-2018,2019,QB,15,71,86,73
justin-jackson-2018,2018,RB,17,113,31,98
justin-jackson-2018,2019,RB,17,38,39,99
justin-jackson-2018,2020,RB,17,59,25,45
mark-walton-2018,2018,RB,17,212,183,192
mark-walton-2018,2019,RB,17,138,134,130
ito-smith-2018,2018,RB,12,124,107,100
ito-smith-2018,2019,RB,14,110,119,99
ito-smith-2018,2020,RB,12,96,89,104
bo-scarbrough-2018,2018,RB,16,74,37,39
bo-scarbrough-2018,2019,RB,13,36,80,71
mason-rudolph-2018,2018,QB,15,110,71,132
mason-rudolph-2018,2019,QB,12,58,96,77
austin-proehl-2018,2018,WR,4,25,5,10
austin-proehl-2018,2019,WR,13,33,38,16
austin-proehl-2018,2020,WR,3,9,8,13
ian-thomas-2018,2018,TE,13,103,82,70
ian-thomas-2018,2019,TE,9,68,44,43
ian-thomas-2018,2020,TE,12,64,56,65
ian-thomas-2018,2021,TE,9,65,58,57
ian-thomas-2018,2022,TE,13,102,77,60
marcell-ateman-2018,2018,WR,4,39,36,28
marcell-ateman-2018,2019,WR,13,105,92,100
marcell-ateman-2018,2020,WR,17,159,127,111
marcell-ateman-2018,2021,WR,12,112,81,72
marcell-ateman-2018,2022,WR,12,98,105,71
justin-watson-2018,2018,WR,13,41,80,17
justin-watson-2018,2019,WR,15,69,58,17
braxton-berrios-2018,2018,WR,14,162,161,144
braxton-berrios-2018,2019,WR,14,115,107,109
braxton-berrios-2018,2020,WR,9,124,93,93
braxton-berrios-2018,2021,WR,15,149,123,107
josh-adams-2018,2018,RB,17,112,41,79
danny-etling-2018,2018,QB,5,47,32,48
damion-ratley-2018,2018,WR,12,73,13,46
damion-ratley-2018,2019,WR,17,81,34,54
dalton-schultz-2018,2018,TE,15,29,35,33
daurice-fountain-2018,2018,WR,14,76,60,15
daurice-fountain-2018,2019,WR,13,62,54,15
daurice-fountain-2018,2020,WR,16,55,44,39
kyle-lauletta-2018,2018,QB,15,65,68,157
kyle-lauletta-2018,2019,QB,16,135,126,168
auden-tate-2018,2018,WR,12,71,47,23
auden-tate-2018,2019,WR,12,114,101,94
auden-tate-2018,2020,WR,14,110,128,106
auden-tate-2018,2021,WR,13,99,91,102
auden-tate-2018,2022,WR,12,90,76,78
auden-tate-2018,2023,WR,12,104,76,78
david-williams-2018,2018,RB,17,113,36,30
david-williams-2018,2019,RB,15,44,17,52
akrum-wadley-2018,2018,RB,14,65,43,82
akrum-wadley-2018,2019,RB,14,69,28,80
trey-quinn-2018,2018,WR,16,95,24,37
trey-quinn-2018,2019,WR,12,68,26,61
trey-quinn-2018,2020,WR,13,55,18,60
trenton-cannon-2018,2018,RB,13,45,74,70
trenton-cannon-2018,2019,RB,15,100,91,33
richie-james-2018,2018,WR,12,23,66,52
richie-james-2018,2019,WR,15,85,92,19
jordan-lasley-2018,2018,WR,15,100,21,72
jarvion-franklin-2018,2018,RB,14,25,26,77
jarvion-franklin-2018,2019,RB,14,91,21,54
jarvion-franklin-2018,2020,RB,16,33,19,54
troy-fumagalli-2018,2018,TE,13,44,37,41
troy-fumagalli-2018,2019,TE,16,12,41,10
boston-scott-2018,2018,RB,12,40,75,14
boston-scott-2018,2019,RB,17,56,61,32
boston-scott-2018,2020,RB,14,86,74,63
chris-herndon-2018,2018,TE,15,48,32,49
chris-herndon-2018,2019,TE,13,68,8,34
russell-gage-2018,2018,WR,15,57,28,71
roc-thomas-2018,2018,RB,16,54,32,56
roc-thomas-2018,2019,RB,17,52,25,66
roc-thomas-2018,2020,RB,5,31,15,11
simmie-cobbs-2018,2018,WR,8,39,40,17
simmie-cobbs-2018,2019,WR,17,131,153,95
simmie-cobbs-2018,2020,WR,12,123,104,83
simmie-cobbs-2018,2021,WR,5,40,32,39
ryan-nall-2018,2018,RB,12,29,30,20
ryan-nall-2018,2019,RB,12,16,15,64
jordan-akins-2018,2018,TE,16,47,69,8
jordan-akins-2018,2019,TE,13,63,45,12
marquez-valdes-scantling-2018,2018,WR,14,108,132,97
marquez-valdes-scantling-2018,2019,WR,16,149,147,117
marquez-valdes-scantling-2018,2020,WR,16,159,136,125
marquez-valdes-scantling-2018,2021,WR,17,170,122,104
chris-warren-2018,2018,RB,13,48,24,28
chris-warren-2018,2019,RB,12,20,15,35
leonard-fournette-2017,2017,RB,13,205,181,160
leonard-fournette-2017,2018,RB,8,100,88,78
leonard-fournette-2017,2019,RB,15,255,225,198
leonard-fournette-2017,2020,RB,13,230,203,178
leonard-fournette-2017,2021,RB,14,295,260,228
leonard-fournette-2017,2022,RB,9,105,92,82
leonard-fournette-2017,2023,RB,4,30,26,23
corey-davis-2017,2017,WR,11,65,57,50
corey-davis-2017,2018,WR,16,130,115,101
corey-davis-2017,2019,WR,15,105,93,82
corey-davis-2017,2020,WR,14,115,101,89
corey-davis-2017,2021,WR,9,110,97,85
corey-davis-2017,2022,WR,7,45,40,35
joe-mixon-2017,2017,RB,14,175,154,136
joe-mixon-2017,2018,RB,14,280,247,217
joe-mixon-2017,2019,RB,16,290,256,224
joe-mixon-2017,2020,RB,6,95,84,74
joe-mixon-2017,2021,RB,16,290,256,224
joe-mixon-2017,2022,RB,14,260,229,201
joe-mixon-2017,2023,RB,9,140,124,108
joe-mixon-2017,2024,RB,14,255,225,198
christian-mccaffrey-2017,2017,RB,13,240,210,180
christian-mccaffrey-2017,2018,RB,16,395,345,300
christian-mccaffrey-2017,2019,RB,16,420,370,320
christian-mccaffrey-2017,2020,RB,3,55,48,42
christian-mccaffrey-2017,2021,RB,7,120,105,92
christian-mccaffrey-2017,2022,RB,16,350,310,270
christian-mccaffrey-2017,2023,RB,16,340,300,260
christian-mccaffrey-2017,2024,RB,4,60,53,46
dalvin-cook-2017,2017,RB,4,50,44,38
dalvin-cook-2017,2018,RB,11,185,163,142
dalvin-cook-2017,2019,RB,14,310,274,240
dalvin-cook-2017,2020,RB,14,330,291,255
dalvin-cook-2017,2021,RB,13,255,225,198
dalvin-cook-2017,2022,RB,12,180,159,139
dalvin-cook-2017,2023,RB,15,90,79,70
mike-williams-2017,2017,WR,10,65,57,50
mike-williams-2017,2018,WR,16,175,154,136
mike-williams-2017,2019,WR,15,180,159,139
mike-williams-2017,2020,WR,14,130,115,101
mike-williams-2017,2021,WR,16,260,229,201
mike-williams-2017,2022,WR,13,180,159,139
mike-williams-2017,2023,WR,3,30,26,23
oj-howard-2017,2017,TE,16,185,126,138
oj-howard-2017,2018,TE,12,72,83,74
oj-howard-2017,2019,TE,12,114,119,102
oj-howard-2017,2020,TE,14,80,82,82
oj-howard-2017,2021,TE,13,151,97,99
oj-howard-2017,2022,TE,8,50,45,45
samaje-perine-2017,2017,RB,13,154,144,128
samaje-perine-2017,2018,RB,14,238,207,190
samaje-perine-2017,2019,RB,17,290,303,243
samaje-perine-2017,2020,RB,13,240,242,191
samaje-perine-2017,2021,RB,13,277,249,207
kareem-hunt-2017,2017,RB,11,260,229,201
kareem-hunt-2017,2018,RB,11,190,168,147
kareem-hunt-2017,2019,RB,8,100,88,78
kareem-hunt-2017,2020,RB,16,220,194,170
kareem-hunt-2017,2021,RB,15,155,137,120
kareem-hunt-2017,2022,RB,8,65,57,50
kareem-hunt-2017,2023,RB,15,180,159,139
kareem-hunt-2017,2024,RB,15,160,141,124
alvin-kamara-2017,2017,RB,16,350,309,270
alvin-kamara-2017,2018,RB,16,330,291,255
alvin-kamara-2017,2019,RB,14,310,274,240
alvin-kamara-2017,2020,RB,16,365,322,282
alvin-kamara-2017,2021,RB,13,240,212,186
alvin-kamara-2017,2022,RB,15,250,221,193
alvin-kamara-2017,2023,RB,13,175,154,136
alvin-kamara-2017,2024,RB,13,170,150,132
john-ross-2017,2017,WR,15,197,200,125
john-ross-2017,2018,WR,16,230,166,164
john-ross-2017,2019,WR,17,140,159,97
david-njoku-2017,2017,TE,15,79,59,49
evan-engram-2017,2017,TE,12,53,11,44
evan-engram-2017,2018,TE,13,76,82,70
evan-engram-2017,2019,TE,12,89,69,73
evan-engram-2017,2020,TE,15,92,91,77
evan-engram-2017,2021,TE,7,42,44,37
evan-engram-2017,2022,TE,16,92,88,79
evan-engram-2017,2023,TE,6,35,31,37
zay-jones-2017,2017,WR,9,116,93,92
zay-jones-2017,2018,WR,14,271,254,168
zay-jones-2017,2019,WR,17,278,313,204
zay-jones-2017,2020,WR,14,244,191,237
juju-smith-schuster-2017,2017,WR,4,34,35,32
juju-smith-schuster-2017,2018,WR,14,210,170,126
juju-smith-schuster-2017,2019,WR,16,232,210,172
juju-smith-schuster-2017,2020,WR,16,197,185,137
d-onta-foreman-2017,2017,RB,14,165,168,151
d-onta-foreman-2017,2018,RB,13,193,135,123
d-onta-foreman-2017,2019,RB,3,28,24,24
d-onta-foreman-2017,2020,RB,3,44,30,35
d-onta-foreman-2017,2021,RB,12,108,84,90
d-onta-foreman-2017,2022,RB,15,137,124,119
joe-williams-2017,2017,RB,5,84,86,90
joe-williams-2017,2018,RB,13,161,136,119
joe-williams-2017,2019,RB,14,295,214,229
joe-williams-2017,2020,RB,7,152,115,91
joe-williams-2017,2021,RB,4,73,74,58
marlon-mack-2017,2017,RB,17,104,31,49
marlon-mack-2017,2018,RB,12,115,98,83
marlon-mack-2017,2019,RB,14,147,129,89
marlon-mack-2017,2020,RB,14,106,122,120
marlon-mack-2017,2021,RB,6,62,54,48
marlon-mack-2017,2022,RB,3,24,23,25
curtis-samuel-2017,2017,WR,12,44,25,23
curtis-samuel-2017,2018,WR,15,19,70,63
curtis-samuel-2017,2019,WR,17,50,51,69
jamaal-williams-2017,2017,RB,12,30,76,24
chris-godwin-2017,2017,WR,7,55,48,43
chris-godwin-2017,2018,WR,16,200,176,155
chris-godwin-2017,2019,WR,14,330,291,255
chris-godwin-2017,2020,WR,12,195,172,152
chris-godwin-2017,2021,WR,14,245,216,190
chris-godwin-2017,2022,WR,15,240,212,186
chris-godwin-2017,2023,WR,16,270,238,209
chris-godwin-2017,2024,WR,14,230,203,178
deshaun-watson-2017,2017,QB,7,180,180,180
deshaun-watson-2017,2018,QB,16,310,310,310
deshaun-watson-2017,2019,QB,15,340,340,340
deshaun-watson-2017,2020,QB,16,370,370,370
deshaun-watson-2017,2022,QB,6,80,80,80
deshaun-watson-2017,2023,QB,6,75,75,75
deshaun-watson-2017,2024,QB,7,90,90,90
james-conner-2017,2017,RB,16,22,72,63
james-conner-2017,2018,RB,12,39,49,18
james-conner-2017,2019,RB,8,12,17,20
cooper-kupp-2017,2017,WR,15,155,137,120
cooper-kupp-2017,2018,WR,8,85,75,66
cooper-kupp-2017,2019,WR,16,260,229,201
cooper-kupp-2017,2020,WR,15,225,198,174
cooper-kupp-2017,2021,WR,17,410,362,316
cooper-kupp-2017,2022,WR,9,120,106,93
cooper-kupp-2017,2023,WR,12,155,137,120
cooper-kupp-2017,2024,WR,13,165,146,128
jeremy-mcnichols-2017,2017,RB,17,31,21,67
jeremy-mcnichols-2017,2018,RB,16,102,95,72
jeremy-mcnichols-2017,2019,RB,13,86,80,69
cooper-rush-2017,2017,QB,4,25,38,22
cooper-rush-2017,2018,QB,16,77,136,89
cooper-rush-2017,2019,QB,16,88,133,84
carlos-henderson-2017,2017,WR,14,54,59,35
carlos-henderson-2017,2018,WR,12,37,40,51
kenny-golladay-2017,2017,WR,14,31,26,16
kenny-golladay-2017,2018,WR,14,25,26,47
kenny-golladay-2017,2019,WR,16,67,80,84
patrick-mahomes-2017,2017,QB,1,15,15,15
patrick-mahomes-2017,2018,QB,16,400,400,400
patrick-mahomes-2017,2019,QB,14,340,340,340
patrick-mahomes-2017,2020,QB,16,370,370,370
patrick-mahomes-2017,2021,QB,17,355,355,355
patrick-mahomes-2017,2022,QB,17,365,365,365
patrick-mahomes-2017,2023,QB,17,370,370,370
patrick-mahomes-2017,2024,QB,17,350,350,350
gerald-everett-2017,2017,TE,16,72,64,19
chris-carson-2017,2017,RB,17,49,43,97
wayne-gallman-2017,2017,RB,5,25,6,9
adam-shaheen-2017,2017,TE,14,46,35,33
adam-shaheen-2017,2018,TE,9,35,40,12
adam-shaheen-2017,2019,TE,16,76,56,58
ardarius-stewart-2017,2017,WR,13,47,41,25
ardarius-stewart-2017,2018,WR,12,80,40,22
ardarius-stewart-2017,2019,WR,14,23,57,75
taywan-taylor-2017,2017,WR,13,69,79,62
chad-williams-2017,2017,WR,17,20,65,84
mitchell-trubisky-2017,2017,QB,16,238,245,254
mitchell-trubisky-2017,2018,QB,13,165,172,151
mitchell-trubisky-2017,2019,QB,14,246,218,215
mitchell-trubisky-2017,2020,QB,17,309,309,267
aaron-jones-2017,2017,RB,17,92,95,27
aaron-jones-2017,2018,RB,17,93,64,16
josh-reynolds-2017,2017,WR,16,41,72,81
josh-reynolds-2017,2018,WR,13,48,68,60
jake-butt-2017,2017,TE,17,58,76,63
jake-butt-2017,2018,TE,15,9,34,20
donnel-pumphrey-2017,2017,RB,17,104,108,84
donnel-pumphrey-2017,2018,RB,15,31,84,25
deshone-kizer-2017,2017,QB,17,205,198,208
deshone-kizer-2017,2018,QB,17,233,201,193
deshone-kizer-2017,2019,QB,13,182,173,142
deshone-kizer-2017,2020,QB,15,161,213,160
deshone-kizer-2017,2021,QB,12,172,175,153
deshone-kizer-2017,2022,QB,3,36,43,33
george-kittle-2017,2017,TE,12,16,13,44
george-kittle-2017,2018,TE,14,41,13,30
george-kittle-2017,2019,TE,12,25,48,27
elijah-hood-2017,2017,RB,16,38,32,89
elijah-hood-2017,2018,RB,12,121,116,92
elijah-hood-2017,2019,RB,13,122,89,109
elijah-hood-2017,2020,RB,17,137,148,104
elijah-hood-2017,2021,RB,16,121,111,125
elijah-hood-2017,2022,RB,3,28,23,26
elijah-hood-2017,2023,RB,16,135,134,104
dede-westbrook-2017,2017,WR,13,36,42,39
dede-westbrook-2017,2018,WR,17,59,56,76
dede-westbrook-2017,2019,WR,12,24,47,35
robbie-chosen-2017,2017,WR,14,39,44,75
robbie-chosen-2017,2018,WR,14,82,37,54
ryan-switzer-2017,2017,WR,16,168,129,120
ryan-switzer-2017,2018,WR,15,220,184,166
ryan-switzer-2017,2019,WR,16,186,175,145
ryan-switzer-2017,2020,WR,13,116,93,106
ryan-switzer-2017,2021,WR,13,159,133,112
jonnu-smith-2017,2017,TE,17,44,70,41
jonnu-smith-2017,2018,TE,14,23,44,52
matt-breida-2017,2017,RB,15,90,69,77
matt-breida-2017,2018,RB,17,75,33,74
shelton-gibson-2017,2017,WR,16,83,72,18
shelton-gibson-2017,2018,WR,12,38,48,37
shelton-gibson-2017,2019,WR,15,65,76,29
malachi-dupre-2017,2017,WR,9,55,23,33
malachi-dupre-2017,2018,WR,16,48,36,22
gabe-marks-2017,2017,WR,17,61,29,89
gabe-marks-2017,2018,WR,7,37,18,26
gabe-marks-2017,2019,WR,16,87,39,58
ishmael-zamora-2017,2017,WR,16,65,92,84
ishmael-zamora-2017,2018,WR,15,47,38,19
ishmael-zamora-2017,2019,WR,16,24,37,38
bucky-hodges-2017,2017,TE,12,11,35,22
elijah-mcguire-2017,2017,RB,17,20,44,25
elijah-mcguire-2017,2018,RB,17,93,96,88
trent-taylor-2017,2017,WR,13,91,78,28
trent-taylor-2017,2018,WR,9,89,73,55
austin-carr-2017,2017,WR,13,81,36,66
austin-carr-2017,2018,WR,3,23,23,22
robert-davis-2017,2017,WR,5,34,23,5
corey-clement-2017,2017,RB,14,64,82,30
corey-clement-2017,2018,RB,17,78,110,96
mack-hollins-2017,2017,WR,15,79,55,49
mack-hollins-2017,2018,WR,12,16,40,51
dare-ogunbowale-2017,2017,RB,12,185,201,163
dare-ogunbowale-2017,2018,RB,12,200,186,178
dare-ogunbowale-2017,2019,RB,16,247,267,280
dare-ogunbowale-2017,2020,RB,14,153,183,170
jordan-leggett-2017,2017,TE,17,64,14,52
isaiah-ford-2017,2017,WR,15,139,127,101
isaiah-ford-2017,2018,WR,15,221,180,131
isaiah-ford-2017,2019,WR,15,161,169,162
isaiah-ford-2017,2020,WR,16,164,108,128
isaiah-ford-2017,2021,WR,15,109,109,84
isaiah-ford-2017,2022,WR,15,111,98,107
isaiah-ford-2017,2023,WR,15,202,182,147
davis-webb-2017,2017,QB,16,137,89,135
davis-webb-2017,2018,QB,15,152,46,44
tarik-cohen-2017,2017,RB,14,77,20,45
tarik-cohen-2017,2018,RB,17,92,68,63
tarik-cohen-2017,2019,RB,17,34,41,97
c-j-beathard-2017,2017,QB,16,227,201,188
c-j-beathard-2017,2018,QB,15,211,209,217
c-j-beathard-2017,2019,QB,6,76,68,84
c-j-beathard-2017,2020,QB,14,163,153,170
c-j-beathard-2017,2021,QB,17,234,212,240
c-j-beathard-2017,2022,QB,15,186,201,199
brian-hill-2017,2017,RB,14,19,82,44
brian-hill-2017,2018,RB,12,20,23,52
brian-hill-2017,2019,RB,17,89,25,83
amara-darboh-2017,2017,WR,13,74,56,44
amara-darboh-2017,2018,WR,17,35,49,64
amara-darboh-2017,2019,WR,12,41,23,58
jehu-chesson-2017,2017,WR,15,64,19,51
de-angelo-henderson-2017,2017,RB,16,83,89,71
de-angelo-henderson-2017,2018,RB,15,87,49,38
de-angelo-henderson-2017,2019,RB,14,54,76,35
joshua-dobbs-2017,2017,QB,15,110,80,50
joshua-dobbs-2017,2018,QB,17,139,115,152
chad-kelly-2017,2017,QB,12,89,52,103
nathan-peterman-2017,2017,QB,17,76,72,151
nathan-peterman-2017,2018,QB,16,100,52,114
rico-gathers-2017,2017,TE,16,39,45,49
rico-gathers-2017,2018,TE,12,20,8,35
devante-mays-2017,2017,RB,12,47,47,11
t-j-logan-2017,2017,RB,13,86,52,26
t-j-logan-2017,2018,RB,14,76,86,17